{"_wandb":{"runtime":45},"_step":227,"_timestamp":1.741048304232957e+09,"log_of_simplexes_1":[[-60,-85],[151.2093,-33.8688],[-153.67891140271288,55.17076207063536],[-180,4.0395620706353625],[22.184922149321785,-24.39170948234116],[-106.83945570135644,-14.914618964682319],[45.60465000000001,-59.4344],[92.44410570135645,-90],[-57.018565350678216,-43.565909482341155],[-162.6232153506782,-69.13150948234117],[-110.56624901300867,-66.70723211175587],[-113.54768366233046,-90],[-71.15084492859128,-59.709762769109545],[-20.58459591558261,-78.00253065735367],[-9.433750986991328,-90],[-55.721571443191294,-70.60551404889318],[-24.863024472391317,-90],[-48.0069347004913,-76.05338968878502],[-32.57766121509131,-86.94914096856866],[-44.1496163291413,-78.77732750873093],[-83.5650204135587,-85.77479685137726],[-36.32970204007663,-79.94559720585957],[-52.18008571093532,-86.16826969712864],[-46.157233674589804,-80.62506305583037],[-69.82753163451318,-85.6794658499708],[-44.704159438685764,-81.37906436688738],[-61.45307423590404,-84.24599868894299],[-75.29584056131424,-88.62093563311262],[-53.44188539627091,-82.62403120015094],[-68.01118883963312,-86.62196748879205],[-57.08421125711146,-83.62351527231121],[-64.36886297879258,-85.62248341663178],[-58.90537418753174,-84.12325730839135],[-62.5477000483723,-85.12274138055164],[-64.36886297879256,-85.62248341663178],[-61.09462581246825,-85.87674269160865],[-61.36346213004509,-84.6536846896094],[-61.1842379183272,-85.46905669094224],[-61.09462581246825,-85.87674269160865],[-63.73193796669949,-85.59179807149388],[-60.93298449167487,-85.14794951787347],[-59.56952236162977,-85.49426482826408],[-58.080433518258516,-85.6800265521203],[-59.82077578828209,-85.81537200133285],[-60.65493231582668,-85.31480513873831],[-60.09882796413029,-85.64851638046801],[-60.515906227902576,-85.39823294917073],[-60.23785405205439,-85.56508857003558],[-60.44639318394053,-85.43994685438695],[-60.307367096016435,-85.52337466481937],[-60.23785405205439,-85.56508857003556],[-58.692651539319,-85.5485828021412],[-60.56134132357515,-85.48893821874198],[-59.31554813407105,-85.52870127434146],[-60.249893026199125,-85.49887898264186],[-59.626996431447076,-85.51876051044158],[-59.31554813407105,-85.52870127434147],[-60.364841165833745,-85.54787034699689],[-59.76835206268076,-85.50766620794728],[-60.166011464782756,-85.53446896731369],[-59.86776691320626,-85.51436689778888],[-60.06659661425726,-85.52776827747209],[-59.917474338469006,-85.51771724270968],[-59.23710367389964,-85.51310308833187],[-58.70197196284124,-85.5079673000881],[-58.41149405581932,-85.50901056782],[-57.658503914494474,-85.50465723037516],[-56.73347944588864,-85.49386402002168],[-55.28672095310942,-85.48141577481175],[-54.243252904762656,-85.47810570509881],[-52.01389337572337,-85.46317490760418],[-49.64211041433832,-85.43993345204078],[-45.633913664260234,-85.40757156287356],[-42.36108608687418,-85.38933069566599],[-35.89826865375656,-85.34328815609308],[-29.518288942293424,-85.28768481136245],[-18.27048672557845,-85.19993976324156],[-8.534841715074776,-85.13565635646108],[10.014694259517952,-84.99969875325485],[9.092940213103333,-84.99230796360956],[-2.1548620036116404,-85.08005301173044],[7.580783006892034,-85.01576960494998],[-11.80766929246083,-85.15389722366866],[-18.187649003923966,-85.20950056839929],[-14.914821426537912,-85.1912597011917],[-16.468397493576454,-85.20994093995321],[-6.815590204727265,-85.136096728015],[-1.1295608051289179,-85.09939480782285],[-14.749145983228942,-85.21038131150715],[-17.856298117306025,-85.24774378903018],[-8.203490828456836,-85.17389957709199],[-4.071037495897031,-85.15587889566137],[-15.111745408475791,-85.26752595667655],[-19.259823010350054,-85.33324057100734],[-5.4745623889410595,-85.24137567763853],[0.7163054752414268,-85.23819162194269],[-14.472480039211597,-85.41555329728865],[-19.67320131086888,-85.54539049810228],[5.503648446379884,-85.320504348224],[17.885384174744853,-85.31413623683233],[2.69659866029183,-85.49149791217829],[3.6867452528170315,-85.61815105729607],[35.05446287424828,-85.39008085172196],[59.81793433097822,-85.3773446289386],[19.86567735979526,-85.56744252706793],[18.380457471007453,-85.37746280939123],[19.37060406353266,-85.50411595450902],[19.865677359795264,-85.5674425270679],[51.728468277489114,-85.40269889405269],[36.0446094667735,-85.51673399683975],[36.53968276303611,-85.58006056939865],[3.6867452528170475,-85.61815105729607],[39.718037521321094,-85.45656193486354],[15.697176008985068,-85.56428801648522],[33.71282214323709,-85.48349345526896],[50.38682754647794,-85.49611149759968],[52.71861487001435,-85.52935203917048],[38.464270324931405,-85.49495810124434],[47.967166688320034,-85.5178873931951],[52.71861487001436,-85.52935203917045],[33.624948608615604,-85.53850989243514],[46.19635781201235,-85.50671109630855],[58.118915033558885,-85.50786449266391],[59.88972390986656,-85.51904078955044],[66.73640695879365,-85.52520563617139],[49.73797556462771,-85.52906369008164],[56.02368016632609,-85.51316429201835],[51.83321043186051,-85.52376389072721],[54.97606273270969,-85.51581419169557],[52.8808278654769,-85.52111399104999],[51.83321043186049,-85.5237638907272],[64.80338508702343,-85.52226738740534],[60.594330487347584,-85.52117238885276],[53.58543444295792,-85.5232455903523],[50.43328970950361,-85.52534799075323],[45.87193182108724,-85.52318719254953],[49.55253148765233,-85.52268349162533],[50.25713806513335,-85.52481509092766],[52.224905415391014,-85.5220392660194],[50.913060515219236,-85.52388981595824],[51.896944190348066,-85.52250190350412],[55.92984714565365,-85.5230640022311],[57.618337398263506,-85.52380768907926],[53.327292492326926,-85.5228283498979],[50.982879789631184,-85.52300993801911],[54.693105306648036,-85.52305048617811],[54.95124725727903,-85.5234677266325],[53.733281183564955,-85.52298819408156],[54.545258566041,-85.52330788244885],[53.43758770235088,-85.52350298662304],[54.37922590557375,-85.52316361128933],[53.75146710342517,-85.52338986151182],[53.43758770235087,-85.52350298662304],[52.79164298034209,-85.52332756941527],[52.95767564080934,-85.52347184057479],[53.428494742420774,-85.52330215290792],[53.114615341346486,-85.52341527801917],[53.350024892152206,-85.52333043418574],[54.30984901523529,-85.52339272628228],[53.171194489065385,-85.52334385863202],[52.76975227779242,-85.52328443130594],[53.50603839701698,-85.52336350396035],[53.260609690608796,-85.52333714640888],[53.46133079624528,-85.52336686007192],[53.37191559470187,-85.52337357229506],[53.42756854674842,-85.52339178523815],[53.08177928752198,-85.52335057085514],[53.176667164702806,-85.52335464315934],[53.27155504188363,-85.52335871546353],[53.416623195473576,-85.52337021618348],[53.51698374829181,-85.52338507301499],[53.45562657168976,-85.52337848362711]],"gs_list":[[92.44410570135645,-90],[53.45562657168976,-85.52337848362711]],"penalty_close_gs":0,"Obj_func_value":-22920.346073,"_runtime":45.379313,"penalty_water":0,