{"_runtime":45.750473,"log_of_simplexes_lon1":53.45562657168976,"log_of_simplexes_lat0":-90,"penalty_water":0,"_timestamp":1.741049837224912e+09,"gs_list":[[92.44410570135645,-90],[53.45562657168976,-85.52337848362711]],"_wandb":{"runtime":45},"Obj_func_value":-22920.346073,"_step":227,"penalty_close_gs":0,"log_of_simplexes_lat1":-85.52337848362711,"log_of_simplexes_lon0":92.44264992271908}