{"all_simplexes":[[[-60,-85],[151.2093,-33.8688],[-153.67891140271288,55.17076207063536],[-180,4.0395620706353625],[22.184922149321785,-24.39170948234116],[-106.83945570135644,-14.914618964682319],[45.60465000000001,-59.4344],[92.44410570135645,-90],[180,-90],[-13.160544298643558,-90],[139.2835614027129,-90],[89.46267105203466,-90],[-10.179109649321774,-90],[64.55222587669556,-90],[39.641780701356446,-90],[90.95338837669556,-90],[41.132498026017345,-90],[78.498165789026,-90],[66.04294320135645,-90],[91.698747039026,-90],[66.7883018636869,-90],[85.47113574519122,-90],[79.24352445135645,-90],[92.07142637019123,-90],[79.61620378252167,-90],[88.95762072327383,-90],[85.84381507635645,-90],[92.25776603577384,-90],[86.03015474193904,-90],[90.70086321231514,-90],[89.14396038885644,-90],[92.35093586856514,-90],[89.23713022164775,-90],[91.5724844568358,-90],[90.79403304510645,-90],[92.39752078496079,-90],[90.84061796150209,-90],[92.00829507909611,-90],[91.61906937323144,-90],[92.42081324315862,-90],[91.64236183142927,-90],[92.22620039022628,-90],[92.03158753729394,-90],[92.43245947225753,-90],[92.04323376639286,-90],[92.33515304579137,-90],[92.2378466193252,-90],[92.43828258680699,-90],[92.24366973387467,-90],[92.38962937357391,-90],[92.34097616034083,-90],[92.44119414408172,-90],[92.34388771761556,-90],[92.41686753746518,-90],[92.39254093084864,-90],[92.44264992271908,-90]]],"_timestamp":1.7410452227015932e+09,"_runtime":12.047902,"_step":0,"gs_list":[[92.44410570135645,-90]],"_wandb":{"runtime":12}}