{"_runtime":273.804191,"_step":0,"gs_list":[[92.44410570135645,-90],[29.17162716196075,-85.52337718589689],[-30.89671606410346,-85.52338817061256]],"_wandb":{"runtime":273},"all_simplexes":[[[-60,-85],[151.2093,-33.8688],[-153.67891140271288,55.17076207063536],[-180,4.0395620706353625],[22.184922149321785,-24.39170948234116],[-106.83945570135644,-14.914618964682319],[45.60465000000001,-59.4344],[92.44410570135645,-90],[180,-90],[-13.160544298643558,-90],[139.2835614027129,-90],[89.46267105203466,-90],[-10.179109649321774,-90],[64.55222587669556,-90],[39.641780701356446,-90],[90.95338837669556,-90],[41.132498026017345,-90],[78.498165789026,-90],[66.04294320135645,-90],[91.698747039026,-90],[66.7883018636869,-90],[85.47113574519122,-90],[79.24352445135645,-90],[92.07142637019123,-90],[79.61620378252167,-90],[88.95762072327383,-90],[85.84381507635645,-90],[92.25776603577384,-90],[86.03015474193904,-90],[90.70086321231514,-90],[89.14396038885644,-90],[92.35093586856514,-90],[89.23713022164775,-90],[91.5724844568358,-90],[90.79403304510645,-90],[92.39752078496079,-90],[90.84061796150209,-90],[92.00829507909611,-90],[91.61906937323144,-90],[92.42081324315862,-90],[91.64236183142927,-90],[92.22620039022628,-90],[92.03158753729394,-90],[92.43245947225753,-90],[92.04323376639286,-90],[92.33515304579137,-90],[92.2378466193252,-90],[92.43828258680699,-90],[92.24366973387467,-90],[92.38962937357391,-90],[92.34097616034083,-90],[92.44119414408172,-90],[92.34388771761556,-90],[92.41686753746518,-90],[92.39254093084864,-90],[92.44264992271908,-90]],[[-60,-85],[151.2093,-33.8688],[-153.67891140271288,55.17076207063536],[-180,4.0395620706353625],[22.184922149321785,-24.39170948234116],[-106.83945570135644,-14.914618964682319],[45.60465000000001,-59.4344],[92.44410570135645,-90],[-57.018565350678216,-43.565909482341155],[42.62321535067822,-90],[-32.10812017533911,-57.89155474117057],[-137.71277017533913,-83.45715474117058],[-165.60465000000002,-90],[-65.48225263150434,-71.06006605587794],[-132.2305175438348,-90],[-82.16931885958695,-77.64432171323162],[-115.54345131575218,-90],[-90.51285197362826,-80.93644954190846],[-107.19991820171087,-87.52070519926214],[-94.68461853064892,-82.58251345624689],[-103.02815164469021,-85.87464128492371],[-96.77050180915924,-83.40554541341609],[-19.05773163382011,-84.94839067224551],[40.269787636939384,-85.69400863778296],[17.71277017533913,-86.54284525882943],[-68.14968381303464,-84.18987037476943],[-10.90804782078547,-85.7585202974761],[-53.83927481497235,-84.5820328554461],[-25.218456818847763,-85.36635781679942],[-10.90804782078547,-85.75852029747608],[15.723811547332126,-85.31474848904492],[53.585717320998185,-85.47212273356737],[47.424992135970534,-85.89008987812129],[-2.43705069137245,-85.18381547371445],[30.80431119352287,-85.65466507665235],[5.873289779851381,-85.30152787444892],[22.493970722299043,-85.53695267591787],[10.028460015463295,-85.36038407481615],[88.83263415530925,-85.4661489915841],[132.38989146084413,-85.57788765033533],[40.61881787680851,-85.41475996869595],[5.371901042497441,-85.42073371067923],[26.23708432070039,-85.43208753090543],[39.20398376489007,-85.48945029577685],[38.49656670893086,-85.5267954593173],[66.55261676518786,-85.52948549843877],[36.31596743182226,-85.45643702278878],[56.473733654065995,-85.50513600655543],[66.55261676518785,-85.52948549843876],[42.09200009795788,-85.52246356876489],[36.34514148643774,-85.54763398636368],[59.361749987133805,-85.53814927954348],[44.243425320451,-85.50162504171851],[29.86169176434288,-85.51895260392797],[16.55567081948132,-85.52586090261423],[27.710266541849755,-85.53979113097435],[40.110135625800694,-85.51116656403246],[31.843556236500064,-85.5302496086604],[38.04349077847554,-85.51593732518944],[33.91020108382522,-85.52547884750342],[37.01016835481296,-85.51832270576793],[34.9435235074878,-85.52309346692493],[33.910201083825214,-85.52547884750345],[22.713215173872797,-85.51958250208801],[27.795046917017714,-85.52372336508498],[29.345030552511588,-85.52014529421723],[41.57533888612659,-85.52365625905415],[27.428746101936245,-85.52060094132955],[33.02723905691245,-85.52354911403725],[30.265582678611803,-85.52099624917224],[37.78036008416336,-85.52348877476763],[30.01664959749302,-85.52132289968907],[34.694590426369004,-85.52342011744176],[31.372834615551106,-85.52160221623961],[36.299708525545874,-85.52337278347548],[39.87039741748257,-85.5248640341608],[33.497225316033976,-85.5224176707199],[37.7460067169997,-85.52404857968051],[34.55942066627541,-85.52282539796005],[36.68381136675827,-85.52364085244037],[35.09051834139612,-85.52302926158012],[33.73433332333804,-85.52274994502957],[33.587338489429726,-85.52281415037439],[32.83574856344653,-85.52270659477153],[34.044938747596284,-85.5230501166669],[34.200241459725405,-85.52320020248555],[32.09246651568414,-85.52281333033216],[30.666938019782307,-85.52267326203577],[32.03143091606118,-85.52316686974979],[31.62927209236851,-85.52339700723894],[28.498127476118086,-85.5226399293],[29.86262037239696,-85.52313353701402],[29.460461548704288,-85.52336367450312],[32.993764988647385,-85.5238906149529],[29.62203685425041,-85.52295260071323],[27.051067486893515,-85.52314940546654],[26.889492181347393,-85.52356047925643],[28.938900686024656,-85.52310457034903],[27.572628349573147,-85.52340850962062],[28.59733260191178,-85.52318055516693],[31.006726663722553,-85.5233948242035],[28.039982281100777,-85.52321076015079],[30.017811869515292,-85.52333346951926],[30.8809408163078,-85.52351658885544],[29.168234655510787,-85.52326456358907],[30.310038762708793,-85.52343258043331],[29.453685682310287,-85.52330656780012],[28.896335361499283,-85.52333677278398],[28.903111227893284,-85.52339387948697],[29.316042068706036,-85.52332839572183],[29.040754841497534,-85.52337205156526],[28.903111227893284,-85.52339387948697],[29.604881028702536,-85.52339895328441],[29.073471778300096,-85.52335231790909],[29.427744611901723,-85.5233834081593],[29.008037904694973,-85.52339178522146],[29.34735563770196,-85.5233707021827],[29.1211438156973,-85.52338475754188],[29.290802682200795,-85.52337421602249],[29.23424972669963,-85.52337772986229],[29.19405523959975,-85.52337137687398],[29.080949328597413,-85.52337840455355],[29.109225806347993,-85.52337664763368],[28.915730921145894,-85.52337096933664],[28.995360622534328,-85.52337265946805],[29.074990323922762,-85.52337434959946],[29.171737766523812,-85.52337718874799],[29.205973248949043,-85.5233794867822],[29.10773605517933,-85.52337563389514],[29.140481786435902,-85.52337691819083],[29.123364045223287,-85.52337576917373],[29.18885550773643,-85.52337833776508],[29.139736910851575,-85.52337641132156],[29.15610977647986,-85.5233770534694],[29.14755090587355,-85.52337647896086],[29.163178895917504,-85.52337661423945],[29.187365756567765,-85.52337732402658],[29.157504618547105,-85.52337669022728],[29.167458331220658,-85.52337690149372],[29.15964433619868,-85.52337683385443],[29.163923771501835,-85.5233771211087],[29.166574691290954,-85.52337695639747],[29.165691051361247,-85.5233770113012],[29.169598048872235,-85.52337704512085],[29.16783076901282,-85.52337715492833],[29.169156228907383,-85.52337707257271],[29.168272588977672,-85.52337712747646],[29.168935318924955,-85.52337708629865],[29.168714408942527,-85.52337710002459],[29.170446997715597,-85.52337713066035],[29.170005177750742,-85.52337715811223],[29.170115632741954,-85.52337715124925],[29.17313899032324,-85.52337723997263],[29.174761124105096,-85.52337727747137],[29.171277005582738,-85.52337718280478],[29.172438378423525,-85.52337721436031],[29.170926699632883,-85.52337716999861],[29.170226087733166,-85.52337714438629],[29.17103715462409,-85.52337716313568],[29.170954313380683,-85.52337716828288],[29.170981927128487,-85.52337716656714],[29.171332233078346,-85.5233771793733],[29.17208807247367,-85.52337720155415],[29.171811536137373,-85.52337719280739],[29.172217069582842,-85.52337720218209],[29.17155344220447,-85.5233771850755],[29.171995860456718,