{"log_of_simplexes_0":[[-60,-85],[151.2093,-33.8688],[-153.67891140271288,55.17076207063536],[-180,4.0395620706353625],[22.184922149321785,-24.39170948234116],[-106.83945570135644,-14.914618964682319],[45.60465000000001,-59.4344],[92.44410570135645,-90],[180,-90],[-13.160544298643558,-90],[139.2835614027129,-90],[89.46267105203466,-90],[-10.179109649321774,-90],[64.55222587669556,-90],[39.641780701356446,-90],[90.95338837669556,-90],[41.132498026017345,-90],[78.498165789026,-90],[66.04294320135645,-90],[91.698747039026,-90],[66.7883018636869,-90],[85.47113574519122,-90],[79.24352445135645,-90],[92.07142637019123,-90],[79.61620378252167,-90],[88.95762072327383,-90],[85.84381507635645,-90],[92.25776603577384,-90],[86.03015474193904,-90],[90.70086321231514,-90],[89.14396038885644,-90],[92.35093586856514,-90],[89.23713022164775,-90],[91.5724844568358,-90],[90.79403304510645,-90],[92.39752078496079,-90],[90.84061796150209,-90],[92.00829507909611,-90],[91.61906937323144,-90],[92.42081324315862,-90],[91.64236183142927,-90],[92.22620039022628,-90],[92.03158753729394,-90],[92.43245947225753,-90],[92.04323376639286,-90],[92.33515304579137,-90],[92.2378466193252,-90],[92.43828258680699,-90],[92.24366973387467,-90],[92.38962937357391,-90],[92.34097616034083,-90],[92.44119414408172,-90],[92.34388771761556,-90],[92.41686753746518,-90],[92.39254093084864,-90],[92.44264992271908,-90]],"penalty_water":0,"log_of_simplexes_2":[[-60,-85],[151.2093,-33.8688],[-153.67891140271288,55.17076207063536],[-180,4.0395620706353625],[22.184922149321785,-24.39170948234116],[-106.83945570135644,-14.914618964682319],[45.60465000000001,-59.4344],[92.44410570135645,-90],[-57.018565350678216,-43.565909482341155],[-162.6232153506782,-69.13150948234117],[-110.56624901300867,-66.70723211175587],[-113.54768366233046,-90],[-71.15084492859128,-59.709762769109545],[-20.58459591558261,-78.00253065735367],[-9.433750986991328,-90],[-55.721571443191294,-70.60551404889318],[-24.863024472391317,-90],[-48.0069347004913,-76.05338968878502],[-32.57766121509131,-86.94914096856866],[-44.1496163291413,-78.77732750873093],[-83.5650204135587,-85.77479685137726],[-36.32970204007663,-79.94559720585957],[-52.18008571093532,-86.16826969712864],[-46.157233674589804,-80.62506305583037],[-69.82753163451318,-85.6794658499708],[-44.704159438685764,-81.37906436688738],[-61.45307423590404,-84.24599868894299],[-75.29584056131424,-88.62093563311262],[-53.44188539627091,-82.62403120015094],[-68.01118883963312,-86.62196748879205],[-57.08421125711146,-83.62351527231121],[-64.36886297879258,-85.62248341663178],[-58.90537418753174,-84.12325730839135],[-62.5477000483723,-85.12274138055164],[-64.36886297879256,-85.62248341663178],[-61.09462581246825,-85.87674269160865],[-61.36346213004509,-84.6536846896094],[-61.1842379183272,-85.46905669094224],[-61.09462581246825,-85.87674269160865],[-63.73193796669949,-85.59179807149388],[-60.93298449167487,-85.14794951787347],[-59.56952236162977,-85.49426482826408],[-58.080433518258516,-85.6800265521203],[-59.82077578828209,-85.81537200133285],[-60.65493231582668,-85.31480513873831],[-60.09882796413029,-85.64851638046801],[-60.515906227902576,-85.39823294917073],[-60.23785405205439,-85.56508857003558],[-60.44639318394053,-85.43994685438695],[-60.307367096016435,-85.52337466481937],[-60.23785405205439,-85.56508857003556],[-58.692651539319,-85.5485828021412],[-60.56134132357515,-85.48893821874198],[-59.31554813407105,-85.52870127434146],[-60.249893026199125,-85.49887898264186],[-59.626996431447076,-85.51876051044158],[-59.31554813407105,-85.52870127434147],[-60.364841165833745,-85.54787034699689],[-59.76835206268076,-85.50766620794728],[-60.166011464782756,-85.53446896731369],[-59.86776691320626,-85.51436689778888],[-60.06659661425726,-85.52776827747209],[-59.917474338469006,-85.51771724270968],[-59.23710367389964,-85.51310308833187],[-58.70197196284124,-85.5079673000881],[-58.41149405581932,-85.50901056782],[-57.658503914494474,-85.50465723037516],[-56.73347944588864,-85.49386402002168],[-55.28672095310942,-85.48141577481175],[-54.243252904762656,-85.47810570509881],[-52.01389337572337,-85.46317490760418],[-49.64211041433832,-85.43993345204078],[-45.633913664260234,-85.40757156287356],[-42.36108608687418,-85.38933069566599],[-35.89826865375656,-85.34328815609308],[-29.518288942293424,-85.28768481136245],[-18.27048672557845,-85.19993976324156],[-8.534841715074776,-85.13565635646108],[10.014694259517952,-84.99969875325485],[9.092940213103333,-84.99230796360956],[-24.650466437041587,-85.2555431079722],[-2.1548620036116404,-85.08005301173044],[-19.0265653286841,-85.21167058391177],[-9.290920318180426,-85.1473871771313],[-4.8011371144814134,-85.12111088407616],[5.69058649912791,-85.04509665662547],[-12.847277371731098,-85.17002710209019],[-9.113572771137733,-85.15548162970526],[-9.402938299169211,-85.16539426632735],[-1.356798041919527,-85.11647804831333],[-9.974657539278205,-85.15663983864597],[-4.22941787437242,-85.12986531175754],[-1.3567980419195251,-85.11647804831333],[-8.831219059060217,-85.17414869400872],[-10.846260031349619,-85.200667598975],[-5.6727396065528275,-85.16513864440518],[-3.8076402602446358,-85.16501083344409],[-12.289581763530027,-85.23594093162264],[-16.31966370810883,-85.28897874155518],[-11.146143283312039,-85.25344978698536],[-11.29608490929325,-85.27984088099055],[-21.943009010849252,-85.40368097814056],[-30.078143712997466,-85.52295214500825],[-25.054564914181885,-85.51381428444361],[-29.422015517218412,-85.62623205588784],[-43.836623717886106,-85.75692554846131],[-19.431219611441463,-85.39911204785824],[-35.70148901573789,-85.63765438159362],[-23.49878696251557,-85.45874763129208],[-18.47520816369999,-85.44960977072745],[-12.673740389051247,-85.41293858358705],[-14.229518340717558,-85.46800523673858],[-9.594884029818552,-85.47263403946181],[2.7859404953120865,-85.37175833860525],[-18.094438561808392,-85.47830029798402],[-15.015582202575697,-85.53799575385878],[-13.25920084243236,-85.44420287615498],[-4.75964631044252,-85.43853661763276],[-14.760740498966925,-85.4683593778962],[-11.096423686353116,-85.49679054120304],[-10.01503510831349,-85.5230843737271],[-4.8491786391651175,-85.5273590352927],[-12.282850034016473,-85.48310929224533],[-7.327069104115569,-85.51260912094358],[-4.8491786391651175,-85.5273590352927],[-7.7472201826105085,-85.56305945520887],[-9.132968068016542,-85.49524039339857],[-8.209136144412518,-85.5404531012721],[-8.902010087115535,-85.50654357036696],[-8.440094125313525,-85.52914992430372],[-8.786531096665033,-85.51219515885114],[-8.555573115764027,-85.52349833581954],[-8.72879160143978,-85.51502095309324],[-6.040825597241859,-85.50454570030973],[-9.021482730545582,-85.51844970537276],[-7.6197602332213705,-85.51603787322308],[-7.065244549112165,-85.516546333288],[-5.370830922682153,-85.51070574885883],[-8.108819778579726,-85.51651371624428],[-6.283493874648009,-85.51264173798731],[-7.6524883025967965,-85.51554572168004],[-7.390663747593393,-85.51948293402447],[-7.422461069332307,-85.5229198405649],[-6.835217315847676,-85.52392045217286],[-7.448170555909517,-85.51763940430325],[-7.039535062534956,-85.52182676954965],[-6.835217315847675,-85.52392045217283],[-7.396751582755098,-85.52820027682654],[-7.148121307522898,-85.51945981917264],[-7.3138748243443645,-85.5252867909419],[-7.1895596867282645,-85.52091656211496],[-7.2724364451389985,-85.52383004799958],[-7.210278876330948,-85.52164493358612],[-6.8273528695335965,-85.52055186257087],[-6.52979876963424,-85.51936787357386],[-6.656609055737604,-85.5207336985344],[-6.379774145440933,-85.52027808100854],[-6.444426862736245,-85.51945879155562],[-6.8907580125852785,-85.52123477505114],[-6.720014198789286,-85.52141661101467],[-6.66634486341713,-85.5218489852366],[-6.432195906569456,-85.52134790871986],[-6.776117486081323,-85.52126305846832],[-6.546836433073412,-85.52131962530268],[-6.718797222829345,-85.52127720017691],[-6.728533030508871,-85.52239248687911],[-6.764495017894504,-85.52322188105148],