{"_step":37,"_wandb":{"runtime":9},"Obj_func_value":-11505.714112,"penalty_water":0,"penalty_close_gs":0,"_timestamp":1.7410496942560818e+09,"_runtime":9.080695}